{
  "movies":[
    {
      "id":"1",
      "title":"Arrow",
      "desc":"Spoiled billionaire playboy Oliver Queen is missing and presumed dead when his yacht is lost at sea. He returns five years later a changed man, determined to clean up the city as a hooded vigilante armed with a bow.",
      "year":"2012",
      "rating":"5.8",
      "lengthOfTime": "50",
      "photo":"poster_arrow",
      "crew":[
        {
          "name":"Greg Berlanti",
          "job":"Creator"
        },
        {
          "name":"Marc Guggenheim",
          "job":"Creator"
        },
        {
          "name":"Andrew Kreisberg",
          "job":"Creator"
        }
      ]
    },
    {
      "id":"2",
      "title":"Dragon ball",
      "desc":"Long ago in the mountains, a fighting master known as Gohan discovered a strange boy whom he named Goku. Gohan raised him and trained Goku in martial arts until he died. The young and very strong boy was on his own, but easily managed. Then one day, Goku met a teenage girl named Bulma, whose search for the dragon balls brought her to Goku's home. Together, they set off to find all seven dragon balls in an adventure that would change Goku's life forever. See how Goku met his life long friends Bulma, Yamcha, Krillin, Master Roshi and more. And see his adventures as a boy, all leading up to Dragonball Z and later Dragonball GT.",
      "year":"1986",
      "rating":"7.2",
      "lengthOfTime": "50",
      "photo":"poster_dragon_ball",
      "crew":[]
    },
    {
      "id":"3",
      "title":"Naruto Shipudden",
      "desc":"Naruto Shippuuden is the continuation of the original animated TV series Naruto.The story revolves around an older and slightly more matured Uzumaki Naruto and his quest to save his friend Uchiha Sasuke from the grips of the snake-like Shinobi, Orochimaru. After 2 and a half years Naruto finally returns to his village of Konoha, and sets about putting his ambitions to work, though it will not be easy, as He has amassed a few (more dangerous) enemies, in the likes of the shinobi organization; Akatsuki.",
      "year":"2007",
      "rating":"5.8",
      "lengthOfTime": "50",
      "photo":"poster_naruto_shipudden",
      "crew":[]
    },
    {
      "id":"4",
      "title":"The Flash",
      "desc":"After a particle accelerator causes a freak storm, CSI Investigator Barry Allen is struck by lightning and falls into a coma. Months later he awakens with the power of super speed, granting him the ability to move through Central City like an unseen guardian angel. Though initially excited by his newfound powers, Barry is shocked to discover he is not the only \"meta-human\" who was created in the wake of the accelerator explosion -- and not everyone is using their new powers for good. Barry partners with S.T.A.R. Labs and dedicates his life to protect the innocent. For now, only a few close friends and associates know that Barry is literally the fastest man alive, but it won't be long before the world learns what Barry Allen has become...The Flash.",
      "year":"2014",
      "rating":"6.7",
      "lengthOfTime": "50",
      "photo":"poster_flash",
      "crew":[]
    },
    {
      "id":"5",
      "title":"Grey's Anatomy",
      "desc":"Follows the personal and professional lives of a group of doctors at Seattle’s Grey Sloan Memorial Hospital.",
      "year":"2005",
      "rating":"6.3",
      "lengthOfTime": "50",
      "photo":"poster_grey_anatomy",
      "crew":[]
    },
    {
      "id":"6",
      "title":"Gotham",
      "desc":"Before there was Batman, there was GOTHAM.\n\nEveryone knows the name Commissioner Gordon. He is one of the crime world's greatest foes, a man whose reputation is synonymous with law and order. But what is known of Gordon's story and his rise from rookie detective to Police Commissioner? What did it take to navigate the multiple layers of corruption that secretly ruled Gotham City, the spawning ground of the world's most iconic villains? And what circumstances created them – the larger-than-life personas who would become Catwoman, The Penguin, The Riddler, Two-Face and The Joker?",
      "year":"2014",
      "rating":"6.9",
      "lengthOfTime": "50",
      "photo":"poster_gotham",
      "crew":[]
    },
    {
      "id":"7",
      "title":"Doom Patrol",
      "desc":"The Doom Patrol’s members each suffered horrible accidents that gave them superhuman abilities — but also left them scarred and disfigured. Traumatized and downtrodden, the team found purpose through The Chief, who brought them together to investigate the weirdest phenomena in existence — and to protect Earth from what they find.",
      "year":"2019",
      "rating":"6.1",
      "lengthOfTime": "50",
      "photo":"poster_doom_patrol",
      "crew":[]
    },
    {
      "id":"8",
      "title":"Supernatural",
      "desc":"When they were boys, Sam and Dean Winchester lost their mother to a mysterious and demonic supernatural force. Subsequently, their father raised them to be soldiers. He taught them about the paranormal evil that lives in the dark corners and on the back roads of America ... and he taught them how to kill it. Now, the Winchester brothers crisscross the country in their '67 Chevy Impala, battling every kind of supernatural threat they encounter along the way.",
      "year":"2005",
      "rating":"7.3",
      "lengthOfTime": "50",
      "photo":"poster_supernatural",
      "crew":[]
    },
    {
      "id":"9",
      "title":"Fairy Tail",
      "desc":"Lucy is a 17-year-old girl, who wants to be a full-fledged mage. One day when visiting Harujion Town, she meets Natsu, a young man who gets sick easily by any type of transportation. But Natsu isn't just any ordinary kid, he's a member of one of the world's most infamous mage guilds: Fairy Tail.",
      "year":"2009",
      "rating":"6.4",
      "lengthOfTime": "50",
      "photo":"poster_fairytail",
      "crew":[]
    },
    {
      "id":"10",
      "title":"Family Guy",
      "desc":"Sick, twisted, politically incorrect and Freakin' Sweet animated series featuring the adventures of the dysfunctional Griffin family. Bumbling Peter and long-suffering Lois have three kids. Stewie (a brilliant but sadistic baby bent on killing his mother and taking over the world), Meg (the oldest, and is the most unpopular girl in town) and Chris (the middle kid, he's not very bright but has a passion for movies). The final member of the family is Brian - a talking dog and much more than a pet, he keeps Stewie in check whilst sipping Martinis and sorting through his own life issues.",
      "year":"1999",
      "rating":"6.5",
      "lengthOfTime": "50",
      "photo":"poster_family_guy",
      "crew":[]
    }
  ]
}