{
  "movies":[
    {
      "id":"1",
      "title":"Arrow",
      "desc":"Playboy miliarder manja, Oliver Queen, hilang dan diduga tewas ketika kapal pesiarnya hilang di laut. Dia kembali lima tahun kemudian seorang pria yang berubah, bertekad untuk membersihkan kota sebagai main hakim sendiri bersenjatakan busur.",
      "year":"2012",
      "rating":"5.8",
      "lengthOfTime": "50",
      "photo":"poster_arrow",
      "crew":[
        {
          "name":"Greg Berlanti",
          "job":"Creator"
        },
        {
          "name":"Marc Guggenheim",
          "job":"Creator"
        },
        {
          "name":"Andrew Kreisberg",
          "job":"Creator"
        }
      ]
    },
    {
      "id":"2",
      "title":"Dragon ball",
      "desc":"Dahulu kala di pegunungan, seorang master pertempuran yang dikenal sebagai Gohan menemukan seorang bocah aneh yang ia beri nama Goku. Gohan membesarkannya dan melatih Goku dalam seni bela diri sampai dia mati. Bocah muda dan sangat kuat itu sendirian, tetapi mudah dikelola. Kemudian suatu hari, Goku bertemu dengan seorang gadis remaja bernama Bulma, yang pencariannya untuk bola naga membawanya ke rumah Goku. Bersama-sama, mereka berangkat untuk menemukan ketujuh bola naga dalam sebuah petualangan yang akan mengubah hidup Goku selamanya. Lihat bagaimana Goku bertemu teman-teman seumur hidupnya Bulma, Yamcha, Krillin, Master Roshi dan banyak lagi. Dan lihat petualangannya sebagai anak laki-laki, semuanya mengarah ke Dragonball Z dan kemudian Dragonball GT.",
      "year":"1986",
      "rating":"7.2",
      "lengthOfTime": "50",
      "photo":"poster_dragon_ball",
      "crew":[]
    },
    {
      "id":"3",
      "title":"Naruto Shipudden",
      "desc":"Naruto Shippuuden adalah kelanjutan dari serial TV animasi asli Naruto. Kisah ini berkisah tentang Uzumaki Naruto yang lebih tua dan sedikit lebih matang dan upayanya untuk menyelamatkan temannya Uchiha Sasuke dari cengkeraman Shinobi seperti ular, Orochimaru. Setelah 2 setengah tahun, Naruto akhirnya kembali ke desanya Konoha, dan mulai mewujudkan ambisinya, meskipun itu tidak akan mudah, karena Ia telah mengumpulkan beberapa musuh (lebih berbahaya), seperti organisasi shinobi. ; Akatsuki.",
      "year":"2007",
      "rating":"5.8",
      "lengthOfTime": "50",
      "photo":"poster_naruto_shipudden",
      "crew":[]
    },
    {
      "id":"4",
      "title":"The Flash",
      "desc":"Setelah akselerator partikel menyebabkan badai aneh, Penyelidik CSI Barry Allen disambar petir dan jatuh koma. Beberapa bulan kemudian dia terbangun dengan kekuatan kecepatan super, memberinya kemampuan untuk bergerak melalui Central City seperti malaikat penjaga yang tak terlihat. Meskipun awalnya senang dengan kekuatan barunya, Barry terkejut menemukan bahwa dia bukan satu-satunya \"manusia meta\" yang diciptakan setelah ledakan akselerator - dan tidak semua orang menggunakan kekuatan baru mereka untuk kebaikan. Barry bermitra dengan S.T.A.R. Lab dan mendedikasikan hidupnya untuk melindungi yang tidak bersalah. Untuk saat ini, hanya beberapa teman dekat dan rekan yang tahu bahwa Barry secara harfiah adalah manusia tercepat, tetapi tidak lama sebelum dunia mengetahui apa yang menjadi Barry Allen ... The Flash.",
      "year":"2014",
      "rating":"6.7",
      "lengthOfTime": "50",
      "photo":"poster_flash",
      "crew":[]
    },
    {
      "id":"5",
      "title":"Grey's Anatomy",
      "desc":"Ikuti kehidupan pribadi dan profesional sekelompok dokter di Rumah Sakit Gray Sloan Memorial di Seattle.",
      "year":"2005",
      "rating":"6.3",
      "lengthOfTime": "50",
      "photo":"poster_grey_anatomy",
      "crew":[]
    },
    {
      "id":"6",
      "title":"Gotham",
      "desc":"Sebelum ada Batman, ada GOTHAM.\nSemua orang tahu nama Komisaris Gordon. Dia adalah salah satu musuh terbesar dunia kejahatan, seorang pria yang reputasinya identik dengan hukum dan ketertiban. Tapi apa yang diketahui tentang kisah Gordon dan kenaikannya dari detektif pemula ke Komisaris Polisi? Apa yang diperlukan untuk menavigasi berbagai lapisan korupsi yang diam-diam memerintah Kota Gotham, tempat bertelurnya penjahat paling ikonik di dunia? Dan keadaan apa yang menciptakan mereka - persona yang lebih besar dari kehidupan yang akan menjadi Catwoman, The Penguin, The Riddler, Two-Face dan The Joker?",
      "year":"2014",
      "rating":"6.9",
      "lengthOfTime": "50",
      "photo":"poster_gotham",
      "crew":[]
    },
    {
      "id":"7",
      "title":"Doom Patrol",
      "desc":"Anggota Patroli Doom masing-masing mengalami kecelakaan mengerikan yang memberi mereka kemampuan manusia super - tetapi juga membuat mereka terluka dan cacat. Trauma dan tertindas, tim menemukan tujuan melalui Ketua, yang menyatukan mereka untuk menyelidiki fenomena aneh yang ada - dan untuk melindungi Bumi dari apa yang mereka temukan.",
      "year":"2019",
      "rating":"6.1",
      "lengthOfTime": "50",
      "photo":"poster_doom_patrol",
      "crew":[]
    },
    {
      "id":"8",
      "title":"Supernatural",
      "desc":"Ketika mereka masih kecil, Sam dan Dean Winchester kehilangan ibu mereka karena kekuatan gaib yang misterius dan iblis. Selanjutnya, ayah mereka membesarkan mereka menjadi tentara. Dia mengajari mereka tentang kejahatan paranormal yang hidup di sudut-sudut gelap dan di jalan belakang Amerika ... dan dia mengajari mereka cara membunuhnya. Sekarang, saudara-saudara Winchester menjelajahi negara itu dengan Chevy Impala '67 mereka, memerangi setiap jenis ancaman supernatural yang mereka temui di sepanjang jalan.",
      "year":"2005",
      "rating":"7.3",
      "lengthOfTime": "50",
      "photo":"poster_supernatural",
      "crew":[]
    },
    {
      "id":"9",
      "title":"Fairy Tail",
      "desc":"Lucy adalah seorang gadis berusia 17 tahun, yang ingin menjadi penyihir penuh. Suatu hari ketika mengunjungi Kota Harujion, dia bertemu Natsu, seorang pemuda yang mudah sakit karena segala jenis transportasi. Tapi Natsu bukan sembarang anak biasa, dia adalah anggota dari salah satu serikat penyihir paling terkenal di dunia: Fairy Tail.",
      "year":"2009",
      "rating":"6.4",
      "lengthOfTime": "50",
      "photo":"poster_fairytail",
      "crew":[]
    },
    {
      "id":"10",
      "title":"Family Guy",
      "desc":"Seri animasi animasi Freakin 'Sweet yang sakit, terpelintir, dan salah, menampilkan petualangan keluarga Griffin yang disfungsional. Peter yang kikuk dan Lois yang sudah lama menderita memiliki tiga anak. Stewie (bayi yang brilian tetapi sadis yang bertekad membunuh ibunya dan mengambil alih dunia), Meg (yang tertua, dan merupakan gadis yang paling tidak populer di kota) dan Chris (anak tengah, dia tidak terlalu cerdas tetapi memiliki hasrat untuk film ). Anggota terakhir keluarga itu adalah Brian - anjing yang bisa bicara dan lebih dari sekadar hewan peliharaan, ia menjaga Stewie, sementara menghirup Martinis dan memilah-milah masalah hidupnya sendiri.",
      "year":"1999",
      "rating":"6.5",
      "lengthOfTime": "50",
      "photo":"poster_family_guy",
      "crew":[]
    }
  ]
}