{
  "movies":[
    {
      "id":"1",
      "title":"Aquaman",
      "desc":"Once home to the most advanced civilization on Earth, Atlantis is now an underwater kingdom ruled by the power-hungry King Orm. With a vast army at his disposal, Orm plans to conquer the remaining oceanic people and then the surface world. Standing in his way is Arthur Curry, Orm's half-human, half-Atlantean brother and true heir to the throne.",
      "year":"2019",
      "rating":"6.8",
      "lengthOfTime": "144",
      "photo":"poster_aquaman",
      "crew":[
        {
          "name":"James Wan",
          "job":"Director, Story"
        },
        {
          "name":"Will Beall",
          "job":"Screenplay, Story"
        },
        {
          "name":"Paul Norris",
          "job":"Characters"
        },
        {
          "name":"Mort Weisinger",
          "job":"Characters"
        },
        {
          "name":"David Leslie Johnson-McGoldrick",
          "job":"Screen Play"
        },
        {
          "name":"Geoff Johns",
          "job":"Story"
        }
      ]
    },
    {
      "id":"2",
      "title":"Spider-Man: Into the Spider-Verse",
      "desc":"Miles Morales is juggling his life between being a high school student and being a spider-man. When Wilson \"Kingpin\" Fisk uses a super collider, others from across the Spider-Verse are transported to this dimension.",
      "year":"2018",
      "rating":"8.4",
      "lengthOfTime": "116",
      "photo":"poster_spiderman",
      "crew":[
        {
          "name":"Rodney Rothman",
          "job":"Director, Screenplay"
        },
        {
          "name":"Phil Lord",
          "job":"Screenplay, Story"
        },
        {
          "name":"Steve Ditko",
          "job":"Characters"
        },
        {
          "name":"Stan Lee",
          "job":"Characters"
        },
        {
          "name":"Bob Persichetti",
          "job":"Director"
        },
        {
          "name":"Peter Ramsey",
          "job":"Director"
        }
      ]
    },
    {
      "id":"3",
      "title":"Venom",
      "desc":"Investigative journalist Eddie Brock attempts a comeback following a scandal, but accidentally becomes the host of Venom, a violent, super powerful alien symbiote. Soon, he must rely on his newfound powers to protect the world from a shadowy organization looking for a symbiote of their own.",
      "year":"2018",
      "rating":"6.6",
      "lengthOfTime": "140",
      "photo":"poster_venom",
      "crew":[
        {
          "name":"Mike Zeck",
          "job":"Characters"
        },
        {
          "name":"Ruben Fleischer",
          "job":"Director"
        },
        {
          "name":"David Michelinie",
          "job":"Characters"
        },
        {
          "name":"Kelly Marcel",
          "job":"Screenplay"
        },
        {
          "name":"Jeff Pinkner",
          "job":"Screenplay"
        },
        {
          "name":"Scott Rosenberg",
          "job":"Screenplay"
        }
      ]
    },
    {
      "id":"4",
      "title":"Bohemian Rhapsody",
      "desc":"Singer Freddie Mercury, guitarist Brian May, drummer Roger Taylor and bass guitarist John Deacon take the music world by storm when they form the rock 'n' roll band Queen in 1970. Hit songs become instant classics. When Mercury's increasingly wild lifestyle starts to spiral out of control, Queen soon faces its greatest challenge yet – finding a way to keep the band together amid the success and excess.",
      "year":"2018",
      "rating":"8.1",
      "lengthOfTime": "133",
      "photo":"poster_bohemian",
      "crew":[
        {
          "name":"Anthony McCarten",
          "job":"Screenplay, Story"
        },
        {
          "name":"Bryan Singer",
          "job":"Director"
        },
        {
          "name":"Peter Morgan",
          "job":"Story"
        }
      ]
    }
    ,{
      "id":"5",
      "title":"A Star Is Born (2018)",
      "desc":"Seasoned musician Jackson Maine discovers — and falls in love with — struggling artist Ally. She has just about given up on her dream to make it big as a singer — until Jack coaxes her into the spotlight. But even as Ally's career takes off, the personal side of their relationship is breaking down, as Jack fights an ongoing battle with his own internal demons.",
      "year":"2018",
      "rating":"7.5",
      "lengthOfTime": "153",
      "photo":"poster_a_star",
      "crew":[
        {
          "name":"Rodney Rothman",
          "job":"Director, Screenplay"
        },
        {
          "name":"Phil Lord",
          "job":"Screenplay, Story"
        },
        {
          "name":"Steve Ditko",
          "job":"Characters"
        },
        {
          "name":"Stan Lee",
          "job":"Characters"
        },
        {
          "name":"Bob Persichetti",
          "job":"Director"
        },
        {
          "name":"Peter Ramsey",
          "job":"Director"
        }
      ]
    }
    ,{
      "id":"6",
      "title":"Robin Hood",
      "desc":"A war-hardened Crusader and his Moorish commander mount an audacious revolt against the corrupt English crown.",
      "year":"2018",
      "rating":"5.8",
      "lengthOfTime": "116",
      "photo":"poster_robinhood",
      "crew":[
        {
          "name":"Rodney Rothman",
          "job":"Director, Screenplay"
        },
        {
          "name":"Phil Lord",
          "job":"Screenplay, Story"
        },
        {
          "name":"Steve Ditko",
          "job":"Characters"
        },
        {
          "name":"Stan Lee",
          "job":"Characters"
        },
        {
          "name":"Bob Persichetti",
          "job":"Director"
        },
        {
          "name":"Peter Ramsey",
          "job":"Director"
        }
      ]
    }
    ,{
      "id":"7",
      "title":"Bumblebee",
      "desc":"On the run in the year 1987, Bumblebee finds refuge in a junkyard in a small Californian beach town. Charlie, on the cusp of turning 18 and trying to find her place in the world, discovers Bumblebee, battle-scarred and broken. When Charlie revives him, she quickly learns this is no ordinary yellow VW bug.",
      "year":"2018",
      "rating":"6.5",
      "lengthOfTime": "116",
      "photo":"poster_bumblebee",
      "crew":[
        {
          "name":"Rodney Rothman",
          "job":"Director, Screenplay"
        },
        {
          "name":"Phil Lord",
          "job":"Screenplay, Story"
        },
        {
          "name":"Steve Ditko",
          "job":"Characters"
        },
        {
          "name":"Stan Lee",
          "job":"Characters"
        },
        {
          "name":"Bob Persichetti",
          "job":"Director"
        },
        {
          "name":"Peter Ramsey",
          "job":"Director"
        }
      ]
    }
  ]
}